Observation ID,Building,Location,Space Type,Posted Policy,Date,Day of Week,Time(Morning/Afternoon),Occupancy Level (1 mostly empty to 5 completely full),Noise Level (1 Silent to 5 Very Loud),People (1 everyone solo to 5 mostly groups),Head Count Min,Head Count Max,Minutes To Record,,Occupancy Level (Notes,Noise Level (Notes),People (Notes)
1,Library,Daley 2nd Floor,Library,Collaborative zone ,2026-09-29,Tuesday,11:10,5,5,4,190,200,5,,Pretty full all tables taken ,"Mostly all tables taken, louder then Student center east ",Most people are in groups of 2 or more 
2,Library,Daley 4th Floor,Library,Quiet zone,2026-09-29,Tuesday,11:15,4,1,2,180,190,5,,Pretty full most tables full,It's quiet can't really hear people talking,It's mostly people who are solo
3,Student Center,Montgomery Ward lounge,Lounge,No posted rule,2026-09-29,Tuesday,11:00,4,4,3,40,50,5,,Pretty full some seats empty so I would say 3/4 of full,Pretty loud can hear talking from 20 feet away,Most all tables are full some chairs empty
4,CS Building,2nd Floor (office hour area),Office Hour Area,No posted rule,2026-09-29,Tuesday,10:40,2,2,3,15,20,5,,Some group but kind of empty less than half of the seat occupied,People are on their computers or asking ta questions since low amount of people it's quiet ,One table was full a group of 4-5 people and the other tables had 1-2 people and others empty 
5,CS Building,2nd Floor (lounge),Lounge,No posted rule,2026-09-29,Tuesday,10:45,4,3,3,20,25,5,,Almost full a little bit of seats open ,Since its kinda full you have people talking at normal level ,"Some tables are cubbies where it's solo, and other tables you can be a group mostly full a couple of seats open like 3-5 open"
6,Library,Daley 2nd Floor,Library,Collaborative zone ,2026-09-29,Tuesday,1:05,5,5,4,180,200,5,,Full ,Loud can hear talking even with headphones on ,All tables taken
7,Library,Daley 4th Floor,Library,Quiet zone,2026-09-29,Tuesday,1:00,4,1,2,150,200,5,,Pretty full same as earlier,Quite don't hear anyone talking,People are mostly solo 
8,Student Center,Montgomery Ward lounge,Lounge ,No posted rule,2026-09-29,Tuesday,1:15,4,3,4,40,50,5,,Pretty much the same ,Not as loud as earlier but people are still talking,A lot of people in groups since it's mostly group tables and some solos 
9,CS Building,2nd Floor (office hour area),Office Hour Area,No posted rule,2026-09-29,Tuesday,1:50,1,1,1,5,10,5,,Pretty empty like 5-10 people there,Quite not many people ,People sitting by there self's 
10,CS Building,2nd Floor (lounge),Lounge ,No posted rule,2026-09-29,Tuesday,1:55,3,3,3,15,20,5,,Half full ,Somewhat noisy ,Some people in groups others by themselves 
11,Library,Daley 2nd Floor,Library,Collaborative zone ,2026-09-29,Tuesday,4:45,3,3,4,80,100,5,,A little bit less then half ,Not as loud as before but can hear groups talking ,Most people in groups but some people solo and duo
12,Library,Daley 4th Floor,Library,Quiet zone,2026-09-29,Tuesday,4:50,2,1,1,50,60,5,,Less then half full,Quite can hear a pencil drop ,Everyone is solo working by themselves 
13,Student Center,Montgomery Ward lounge,Lounge,No posted rule,2026-09-29,Tuesday,4:35,3,3,4,30,40,5,,Like a bit more then half full ,Not as loud as before can hear some people talking ,Most people in groups some people sitting alone
14,CS Building,2nd Floor (office hour area),Office Hour Area,No posted rule,2026-09-29,Tuesday,4:50,2,2,3,8,12,5,,Less then half a lot of empty seats,Kinda quiet can hear some people talking ,Ta working with students so some groups other solo 
15,CS Building,2nd Floor (lounge),Lounge,No posted rule,2026-09-29,Tuesday,4:55,2,3,2,15,20,5,,Less then half full,Can hear people talking ,More people solo then in groups
16,Library,Daley 2nd floor,Library ,Collaborative zone ,2026-10-1,Thursady,12:00,4,4,4,150,170,5,,Mostly full a couple of seats empty,"Can hear people talking its loud but not like before, for talking level of noise not yelling ",most people are in groups but some people by themselves
17,Library,Daley 4th floor,Library ,Quiet zone,2026-10-1,Thursady,12:05,4,1,1,150,170,5,,Mostly full a couple of seats empty,Cant hear anyone talking just hear typing,everyone is solo
18,Student Center,Montgomery Ward lounge,Lounge ,No posted rule,2026-10-1,Thursady,11:00,3,2,4,30,40,5,,It's like half full,Somewhat quite can hear some people taking but not much,Most people are in groups a couple by themselves 
19,CS Building,2nd Floor (office hour area),Office Hour Area,No posted rule,2026-10-1,Thursady,11:10,2,1,2,10,15,5,,"It's 1/4, a couple of people",Can't really hear people talking,More solo then in groups probably 1-2 groups rest solo 
20,CS Building,2nd Floor (lounge),Lounge,No posted rule,2026-10-1,Thursady,11:15,3,1,2,15,20,5,,It's half full or a bit below ,Quite can't really hear people talk,A lot of people solo and a couple of groups
21,Library,Daley 2nd floor,Library ,Collaborative zone ,2026-10-1,Thursady,3:00,4,4,4,160,180,5,,Mostly full a couple of seats empty,its loud can hear people talking,most people in groups some people solo 
22,Library,Daley 4th floor,Library ,Quiet zone,2026-10-1,Thursady,3:05,4,1,1,160,180,5,,Mostly full a couple of seats empty,Cant hear anyone talking just hear typing,everyone is solo
23,Student Center,Montgomery Ward lounge,Lounge ,No posted rule,2026-10-1,Thursady,3:10,4,3,4,35,45,5,,3/4 full,can hear people talking from a distance,most people in groups but some are solo
24,CS Building,2nd Floor (office hour area),Office Hour Area,No posted rule,2026-10-1,Thursady,3:20,1,1,3,6,10,5,,Mostly empty,cant really hear anyone,some groups of 2 others solo
25,CS Building,2nd Floor (lounge),Lounge,No posted rule,2026-10-1,Thursady,3:25,2,2,2,15,20,5,,less then half full,pretty quiete,More people solo then in groups
26,Library,Daley 2nd floor,Library ,Collaborative zone ,2026-10-2,Friday,9:05,3,3,4,120,130,5,,a bit more then half full,can hear people talking,Mostly groups but some solo
27,Library,Daley 4th floor,Library ,Quiet zone,2026-10-2,Friday,9:10,3,1,1,120,130,5,,a bit more then half full,its quiete,people working solo
28,Student Center,Montgomery Ward lounge,Lounge ,No posted rule,2026-10-2,Friday,9:20,3,2,3,25,30,5,,Like half full ,can hear little talking,some groups and some solos 
29,CS Building,2nd Floor (office hour area),Office Hour Area,No posted rule,2026-10-2,Friday,9:30,1,1,1,5,10,5,,mostly empty,cant really hear anyone,mostly solo a couple groups 
30,CS Building,2nd Floor (lounge),Lounge,No posted rule,2026-10-2,Friday,9:35,2,2,2,10,13,5,,a bit under half full,can hear some talking ,mostly solo a couple groups 